{"1791234567001":{"data":{"ruc":"1791234567001","razonSocial":"DISTRIBUIDORA AVANZADA CIA. LTDA.","nombreComercial":"DISTRIBUIDORAAVANZADA","tipoContribuyente":"PERSONA JURÍDICA","estado":"ACTIVO","claseContribuyente":"CONTRIBUYENTE ESPECIAL","fechaInicioActividades":"2019-01-08","fechaActualizacion":"2025-07-06","actividadEconomica":{"principal":{"codigo":"H4923","descripcion":"TRANSPORTE DE CARGA POR CARRETERA"},"secundarias":[]},"direccion":{"provincia":"Pichincha","canton":"Quito","parroquia":"Mariscal Sucre","direccionCompleta":"Av. Principal 501, Pichincha"},"obligaciones":{"llevarContabilidad":true,"agenteRetencion":false,"regimen":"MICROEMPRESAS"},"representanteLegal":{"cedula":"1791234567","nombres":"ANA SOFIA","apellidos":"MORALES CASTRO"},"establecimientos":[{"codigo":"001","nombre":"MATRIZ","direccion":"Av. Principal 1098","estado":"ABIERTO"}],"contacto":{"email":"info@distribuidoraavanzada.com","telefono":"08-5054937"}},"timestamp":1751827045632},"0940363229001":{"data":{"ruc":"0940363229001","razonSocial":"COMERCIAL ESPECIALIZADA CIA. LTDA.","nombreComercial":"COMERCIALESPECIALIZADA","tipoContribuyente":"PERSONA NATURAL","estado":"ACTIVO","claseContribuyente":"OTROS","fechaInicioActividades":"2022-07-14","fechaActualizacion":"2025-07-06","actividadEconomica":{"principal":{"codigo":"C1010","descripcion":"ELABORACIÓN Y CONSERVACIÓN DE CARNE"},"secundarias":[]},"direccion":{"provincia":"Guayas","canton":"Guayaquil","parroquia":"Tarqui","direccionCompleta":"Av. Principal 481, Guayas"},"obligaciones":{"llevarContabilidad":true,"agenteRetencion":false,"regimen":"GENERAL"},"representanteLegal":{"cedula":"0940363229","nombres":"DIEGO FERNANDO","apellidos":"TORRES VEGA"},"establecimientos":[{"codigo":"001","nombre":"MATRIZ","direccion":"Av. Principal 179","estado":"ABIERTO"}],"contacto":{"email":"info@comercialespecializada.com","telefono":"03-2879590"}},"timestamp":1751827055951},"0705063105001":{"data":{"ruc":"0705063105001","razonSocial":"DISTRIBUIDORA PROFESIONAL C.A.","nombreComercial":"DISTRIBUIDORAPROFESIONAL","tipoContribuyente":"PERSONA NATURAL","estado":"ACTIVO","claseContribuyente":"OTROS","fechaInicioActividades":"2021-09-28","fechaActualizacion":"2025-07-06","actividadEconomica":{"principal":{"codigo":"K6499","descripcion":"OTRAS ACTIVIDADES DE SERVICIOS FINANCIEROS"},"secundarias":[]},"direccion":{"provincia":"El Oro","canton":"El Oro Centro","parroquia":"Centro","direccionCompleta":"Av. Principal 331, El Oro"},"obligaciones":{"llevarContabilidad":true,"agenteRetencion":false,"regimen":"GENERAL"},"representanteLegal":{"cedula":"0705063105","nombres":"ANA SOFIA","apellidos":"RODRIGUEZ GARCIA"},"establecimientos":[{"codigo":"001","nombre":"MATRIZ","direccion":"Av. Principal 1043","estado":"ABIERTO"}],"contacto":{"email":"info@distribuidoraprofesional.com","telefono":"04-7147413"}},"timestamp":1751828042891}}